firstName,lastName,linkedinUrl,company
"Arjun","Maheswaran","https://www.linkedin.com/in/arjunmaheswaran?miniProfileUrn=urn%3Ali%3Afs_miniProfile%3AACoAAAH6zZcBaN0upf4A82CYS5MiHrdt_XvLYh4","(YC S24) Prev: Co-Founder & CTO, Agara AI (acquired by Coinbase)."
"Brooke","Hopkins","https://www.linkedin.com/in/bnhop?miniProfileUrn=urn%3Ali%3Afs_miniProfile%3AACoAABT_yRABlfmpjqxtT6fQWWp2kB6bbaRPy5k","Coval"
"Sanket","Munjal","https://www.linkedin.com/in/sanketmunjal?miniProfileUrn=urn%3Ali%3Afs_miniProfile%3AACoAAAMfVXAB--3Nhwkr_v8cRBDfX2kl-IX9rfs","Surebright.com (YC S24)"
"Deepak","Lather","https://www.linkedin.com/in/deepak-lather?miniProfileUrn=urn%3Ali%3Afs_miniProfile%3AACoAACdVnCQBGbu8cOX3PBlYZwnVnhVb3HRhTbA","FirstWork(YC S24)"
"Arko","C.","https://www.linkedin.com/in/arkoc?miniProfileUrn=urn%3Ali%3Afs_miniProfile%3AACoAAC8ZhsIBSyEv0umgzUOJY0uiwj7OxbbW4f8","YC S24"
"Ramnique","Singh","https://www.linkedin.com/in/ramnique?miniProfileUrn=urn%3Ali%3Afs_miniProfile%3AACoAAE968zABBYFEnbp9lt8Z5NPWJEaDs7kR2cQ","Rowboat (YC S24). Previously @ Coinbase, Agara"
"Rithwik","Pattikonda","https://www.linkedin.com/in/rithwikpattikonda?miniProfileUrn=urn%3Ali%3Afs_miniProfile%3AACoAACE7Y7QBJ1tIWQKeqXsBkE40wzHI81hsBIc","TravelArrow / Roger (YC S24)"
"Filip","Kozera","https://www.linkedin.com/in/filipkozera?miniProfileUrn=urn%3Ali%3Afs_miniProfile%3AACoAABZFE6EBCpm81gFU7fCi-TouYNvRwGIHhz4","wordware"
"Liam","Collins","https://www.linkedin.com/in/liam-collins-?miniProfileUrn=urn%3Ali%3Afs_miniProfile%3AACoAAB3ormgBF7TVi9jw37y_EF2IRzoFTF54wF4","Proxis (YC S24)"
"Vedant","Nair","https://www.linkedin.com/in/vedantnair?miniProfileUrn=urn%3Ali%3Afs_miniProfile%3AACoAADByAO0BM0DTUmhOjMK2fcVrsS1GBMDcafc","Miru (YC S24)"
"Enrique","Ferrao","https://www.linkedin.com/in/enrique-ferrao?miniProfileUrn=urn%3Ali%3Afs_miniProfile%3AACoAACnYGAIBfbf9Fhq3Eu44g1wmrFv6CP7dTa8","Pipeshift (YC S24)"
"Nikhil","Sonti","https://www.linkedin.com/in/nikhil-sv?miniProfileUrn=urn%3Ali%3Afs_miniProfile%3AACoAAEV5DMQBxyFAdnrFCxHRQ-tBN7tLZH_Bo_g","Ex-Meta, Microsoft"
"Caitlin","Leksana","https://www.linkedin.com/in/caitlinleksana?miniProfileUrn=urn%3Ali%3Afs_miniProfile%3AACoAABBbN18BoX6SpCszNR6-i8zdTWKGmLCPUig","Fazeshift (YC S24)"
"Nithin","Venkat Sonti","https://www.linkedin.com/in/nithinsonti?miniProfileUrn=urn%3Ali%3Afs_miniProfile%3AACoAAAVUzRoB0pi5GpKCPeX03LvTI36vCG3Vjxc","Ex-Google/Youtube, CMU"
"Sparsh","Sharma","https://www.linkedin.com/in/sparsh-sharma-design?miniProfileUrn=urn%3Ali%3Afs_miniProfile%3AACoAACCfJBUBfAlGtA3eb_kivJKn_eGeUxBbw18","Paasa (YC S24)"
"Robert","Kim","https://www.linkedin.com/in/skull8888888?miniProfileUrn=urn%3Ali%3Afs_miniProfile%3AACoAACZkKt0BOJTlCeOx2sgS9uG7gUiGDk3RN6A","Laminar (YC S24)"
"Rachid","Flih","https://www.linkedin.com/in/rflih?miniProfileUrn=urn%3Ali%3Afs_miniProfile%3AACoAABu-TeMBnbFDD52oC2tmUgUu63Mz-B2lxWw","Automating PO entry into ERPs for distributors, wholesalers & manufacturers"
"Arya","Chandra","https://www.linkedin.com/in/arya-chandra-a1039b1b1?miniProfileUrn=urn%3Ali%3Afs_miniProfile%3AACoAADFbXOwBXahRLf0ZPR4V9oeTT9vnRhWtQOk","Emergent (YC S24)"
"Mufeed","VH","https://www.linkedin.com/in/mufeed-vh?miniProfileUrn=urn%3Ali%3Afs_miniProfile%3AACoAAEizM6UBaJGZkvvFjOmCB6w4h8j3tlgRkRU",""
"David","Chu","https://www.linkedin.com/in/dchu17?miniProfileUrn=urn%3Ali%3Afs_miniProfile%3AACoAAC4gufkB-m6NhBminFQVIrVqXTVWrFviUwU","Nerve (YC S24)"
"Dieter","De Mesmaeker","https://www.linkedin.com/in/dieterdemesmaeker?miniProfileUrn=urn%3Ali%3Afs_miniProfile%3AACoAAAia-GIB2ssNZDtz6P175TIxFuBlo9o-CZc",""
"Yus","Hilmi","https://www.linkedin.com/in/yusufhilmi?miniProfileUrn=urn%3Ali%3Afs_miniProfile%3AACoAACODdq8B6n_wkg4hsmQwcAI8vJQTNvBKfb4",""
"Abhishek","Ray","https://www.linkedin.com/in/abhishekray00?miniProfileUrn=urn%3Ali%3Afs_miniProfile%3AACoAAAlypE4BszI5gRppvOAlVqlxqrkdejmRXb8","Opslane (YC S24)"
"Nitish","Sahni","https://www.linkedin.com/in/nitishsahni?miniProfileUrn=urn%3Ali%3Afs_miniProfile%3AACoAABpt0Y4BVI-ApZM05rZ3y-3dXFtYE4FQ8C8","Paasa (YC S24)"
"Akhilesh","Sudhakar","https://www.linkedin.com/in/akhilesh-sudhakar?miniProfileUrn=urn%3Ali%3Afs_miniProfile%3AACoAABKbntMBa2G4CkYDUh2xEmZeejlNctSnIg8","RowBoat (YC S24)"
"Rohan","Sood","https://www.linkedin.com/in/rohansood3107?miniProfileUrn=urn%3Ali%3Afs_miniProfile%3AACoAAAP0eO0BLQw1_ymDKFQ77jR_tC6Al47Prks","Patched (YC S24)"
"Debasmita","Das","https://www.linkedin.com/in/debasmita-das-pm?miniProfileUrn=urn%3Ali%3Afs_miniProfile%3AACoAACqrlOYB9mCvXEFY8NzGXVpnKGzfSFLDuKQ","1x Exit"
"Sagar","Sharma","https://www.linkedin.com/in/sagar12sharma?miniProfileUrn=urn%3Ali%3Afs_miniProfile%3AACoAACTpIvwBMczIj3e3AFjbQ9M-AoIacLW5moY","Founder’s Office"
"Abhinav","Soni","https://www.linkedin.com/in/soni-abhinav?miniProfileUrn=urn%3Ali%3Afs_miniProfile%3AACoAAC8qRGEBF1ObCkObo7vwmFmMBGsteRpkLDI","Emergent Labs(YC S24)"
"Dev","Khant","https://www.linkedin.com/in/devkhant?miniProfileUrn=urn%3Ali%3Afs_miniProfile%3AACoAADGpaMcBzlxNDcZAs6IX-X-4h_MZZjErFZE","Crolit"
"Michael","Nguyen","https://www.linkedin.com/in/michaelpnguyen?miniProfileUrn=urn%3Ali%3Afs_miniProfile%3AACoAABS8jMoB2DdOVvxZ7ZOJcjxptsYoZs_KbIU",""
"Taranjeet","Singh","https://www.linkedin.com/in/taranjeet7114?miniProfileUrn=urn%3Ali%3Afs_miniProfile%3AACoAAAw4hdMBi95QLeBHFLqIK80UVh1OC5LCDIU",""
"Vardhan","Kapoor","https://www.linkedin.com/in/vardhan-kapoor?miniProfileUrn=urn%3Ali%3Afs_miniProfile%3AACoAAA6DMyQBuTG9MO4bWXuX2XEetx54265DFG0","Firstwork (YC & Google AI Backed) I Forbes Human Resources Council I Ex-Deliveroo (LSE:ROO) and Remitly (NASDAQ: RELY) Leadership I Forbes 30U30"
"Manish","C.","https://www.linkedin.com/in/manishchauhan01?miniProfileUrn=urn%3Ali%3Afs_miniProfile%3AACoAAANf4OQBv3MO9kYXIDOtNePq0HxaK2OVwGM","SureBright(YC S24)"
"Marie","van der Klink","https://www.linkedin.com/in/marie-van-der-klink?miniProfileUrn=urn%3Ali%3Afs_miniProfile%3AACoAADPDZR0BEFcd04yGoBBv56bWhe1BeiYgNGk","et al. (YC S24)"
"Julia","Turc","https://www.linkedin.com/in/iulia-raluca-turc?miniProfileUrn=urn%3Ali%3Afs_miniProfile%3AACoAAAp_snUBhyKz2f6KIWdhtv1V-tUzBBkC_Lg","Storia (YC S24)"
"Robert","Chandler","https://www.linkedin.com/in/robertjhchandler?miniProfileUrn=urn%3Ali%3Afs_miniProfile%3AACoAABW0C8IBE2bCijXhloIWSkhHmRB006q0REo","wordware"
"Deshraj","Yadav","https://www.linkedin.com/in/deshrajdry?miniProfileUrn=urn%3Ali%3Afs_miniProfile%3AACoAAA_ge6MBz_PVUCMJNE7gJzKeqd-vTX9C4_Y","Ex - Tesla AI, Snap"
"Zai","Shi","https://www.linkedin.com/in/zaishi?miniProfileUrn=urn%3Ali%3Afs_miniProfile%3AACoAADd5ep0B0HT5zfPODZPNNP9lJgwPRoNcWOs","Stack (YC S24)"
"Blossom","Shrivastava","https://www.linkedin.com/in/blossom-s?miniProfileUrn=urn%3Ali%3Afs_miniProfile%3AACoAACFh950B6FvvoSgWHBkaA7Na7mw7yvBEJvw","(YC S24)"
"Nina","Hu","https://www.linkedin.com/in/ninahuuu?miniProfileUrn=urn%3Ali%3Afs_miniProfile%3AACoAABBGReYB_LRsextQ3kzT7HwiiDNNXm8G_AA","DreamRP (YC S24)"
"Ritwik","Dhar","https://www.linkedin.com/in/ritwik-dhar?miniProfileUrn=urn%3Ali%3Afs_miniProfile%3AACoAACUW5jUB_ogzg1yFK8DfRkMcuKsyrs3JauM","SureBright (YC S24)"
"Shubham","Choudhary","https://www.linkedin.com/in/shubhamtech?miniProfileUrn=urn%3Ali%3Afs_miniProfile%3AACoAAAvLzr0BgBeFl0SMSpRCR6dOIVliv0PaMYY","Firstwork (YC S24)"
"Rabii","Malik","https://www.linkedin.com/in/rabii-malik?miniProfileUrn=urn%3Ali%3Afs_miniProfile%3AACoAAB6IuBIBf--xXR0lSnUGlRQEx6D6ieqyruI","Remo (YC S24)"
"Brivael","Le Pogam","https://www.linkedin.com/in/brivael-le-pogam-bbbb7185?miniProfileUrn=urn%3Ali%3Afs_miniProfile%3AACoAABIl2H8Bh_tZ6yPe_MbS_0AJSHnxCyYphaM","Argil (YC S24)"
"Christian","Kohrs","https://www.linkedin.com/in/christian-kohrs-a760b2117?miniProfileUrn=urn%3Ali%3Afs_miniProfile%3AACoAAB0GPnoBvEKsISU8KCcqalA1nzOWLo3Z-Ac","omnidock (YC S24)"
"Varghese","Antony","https://www.linkedin.com/in/varghese-antony-690302162?miniProfileUrn=urn%3Ali%3Afs_miniProfile%3AACoAACbYFUwBpDuxl4hGYBZFL1SpPJIiDnVbq-Y","Project Management"
"Leon","Hergert","https://www.linkedin.com/in/leonhergert?miniProfileUrn=urn%3Ali%3Afs_miniProfile%3AACoAACQU95sBouWrLIqUh0QAEq3CerpZL-IooYQ","Spherecast (YC S24)"
"Peter","Marler","https://www.linkedin.com/in/marler?miniProfileUrn=urn%3Ali%3Afs_miniProfile%3AACoAAAEdkfQBpEyXQ512qoJEh9zj3m8V9txf31o","Faster/cheaper VOE/I with AI"
"Carl","C.","https://www.linkedin.com/in/carlcortright?miniProfileUrn=urn%3Ali%3Afs_miniProfile%3AACoAABCVNY4BvwhLO53weTo5kLPONVjGBY-BQDU","Built to Build"