firstName,lastName,linkedinUrl,company
"Brooke","Hopkins","https://www.linkedin.com/in/bnhop?miniProfileUrn=urn%3Ali%3Afs_miniProfile%3AACoAABT_yRABlfmpjqxtT6fQWWp2kB6bbaRPy5k","Coval"
"Filip","Kozera","https://www.linkedin.com/in/filipkozera?miniProfileUrn=urn%3Ali%3Afs_miniProfile%3AACoAABZFE6EBCpm81gFU7fCi-TouYNvRwGIHhz4","wordware"
"Vedant","Nair","https://www.linkedin.com/in/vedantnair?miniProfileUrn=urn%3Ali%3Afs_miniProfile%3AACoAADByAO0BM0DTUmhOjMK2fcVrsS1GBMDcafc","Miru (YC S24)"
"Rithwik","Pattikonda","https://www.linkedin.com/in/rithwikpattikonda?miniProfileUrn=urn%3Ali%3Afs_miniProfile%3AACoAACE7Y7QBJ1tIWQKeqXsBkE40wzHI81hsBIc","TravelArrow / Roger (YC S24)"
"Liam","Collins","https://www.linkedin.com/in/liam-collins-?miniProfileUrn=urn%3Ali%3Afs_miniProfile%3AACoAAB3ormgBF7TVi9jw37y_EF2IRzoFTF54wF4","Proxis (YC S24)"
"Abhishek","Ray","https://www.linkedin.com/in/abhishekray00?miniProfileUrn=urn%3Ali%3Afs_miniProfile%3AACoAAAlypE4BszI5gRppvOAlVqlxqrkdejmRXb8","Opslane (YC S24)"
"Caitlin","Leksana","https://www.linkedin.com/in/caitlinleksana?miniProfileUrn=urn%3Ali%3Afs_miniProfile%3AACoAABBbN18BoX6SpCszNR6-i8zdTWKGmLCPUig","Fazeshift (YC S24)"
"Nikhil","Sonti","https://www.linkedin.com/in/nikhil-sv?miniProfileUrn=urn%3Ali%3Afs_miniProfile%3AACoAAEV5DMQBxyFAdnrFCxHRQ-tBN7tLZH_Bo_g","Ex-Meta, Microsoft"
"Nithin","Venkat Sonti","https://www.linkedin.com/in/nithinsonti?miniProfileUrn=urn%3Ali%3Afs_miniProfile%3AACoAAAVUzRoB0pi5GpKCPeX03LvTI36vCG3Vjxc","Ex-Google/Youtube, CMU"
"Arko","C.","https://www.linkedin.com/in/arkoc?miniProfileUrn=urn%3Ali%3Afs_miniProfile%3AACoAAC8ZhsIBSyEv0umgzUOJY0uiwj7OxbbW4f8","YC S24"
"Rachid","Flih","https://www.linkedin.com/in/rflih?miniProfileUrn=urn%3Ali%3Afs_miniProfile%3AACoAABu-TeMBnbFDD52oC2tmUgUu63Mz-B2lxWw","Automating PO entry into ERPs for distributors, wholesalers & manufacturers"
"Mufeed","VH","https://www.linkedin.com/in/mufeed-vh?miniProfileUrn=urn%3Ali%3Afs_miniProfile%3AACoAAEizM6UBaJGZkvvFjOmCB6w4h8j3tlgRkRU",""
"Yus","Hilmi","https://www.linkedin.com/in/yusufhilmi?miniProfileUrn=urn%3Ali%3Afs_miniProfile%3AACoAACODdq8B6n_wkg4hsmQwcAI8vJQTNvBKfb4",""
"Enrique","Ferrao","https://www.linkedin.com/in/enrique-ferrao?miniProfileUrn=urn%3Ali%3Afs_miniProfile%3AACoAACnYGAIBfbf9Fhq3Eu44g1wmrFv6CP7dTa8","Pipeshift (YC S24)"
"David","Chu","https://www.linkedin.com/in/dchu17?miniProfileUrn=urn%3Ali%3Afs_miniProfile%3AACoAAC4gufkB-m6NhBminFQVIrVqXTVWrFviUwU","Nerve (YC S24)"
"Robert","Chandler","https://www.linkedin.com/in/robertjhchandler?miniProfileUrn=urn%3Ali%3Afs_miniProfile%3AACoAABW0C8IBE2bCijXhloIWSkhHmRB006q0REo","wordware"
"Zai","Shi","https://www.linkedin.com/in/zaishi?miniProfileUrn=urn%3Ali%3Afs_miniProfile%3AACoAADd5ep0B0HT5zfPODZPNNP9lJgwPRoNcWOs","Stack (YC S24)"
"Taranjeet","Singh","https://www.linkedin.com/in/taranjeet7114?miniProfileUrn=urn%3Ali%3Afs_miniProfile%3AACoAAAw4hdMBi95QLeBHFLqIK80UVh1OC5LCDIU",""
"Rohan","Sood","https://www.linkedin.com/in/rohansood3107?miniProfileUrn=urn%3Ali%3Afs_miniProfile%3AACoAAAP0eO0BLQw1_ymDKFQ77jR_tC6Al47Prks","Patched (YC S24)"
"Vardhan","Kapoor","https://www.linkedin.com/in/vardhan-kapoor?miniProfileUrn=urn%3Ali%3Afs_miniProfile%3AACoAAA6DMyQBuTG9MO4bWXuX2XEetx54265DFG0","Firstwork (YC & Google AI Backed) I Forbes Human Resources Council I Ex-Deliveroo (LSE:ROO) and Remitly (NASDAQ: RELY) Leadership I Forbes 30U30"
"Michael","Nguyen","https://www.linkedin.com/in/michaelpnguyen?miniProfileUrn=urn%3Ali%3Afs_miniProfile%3AACoAABS8jMoB2DdOVvxZ7ZOJcjxptsYoZs_KbIU",""
"Carl","C.","https://www.linkedin.com/in/carlcortright?miniProfileUrn=urn%3Ali%3Afs_miniProfile%3AACoAABCVNY4BvwhLO53weTo5kLPONVjGBY-BQDU","Built to Build"
"Peter","Marler","https://www.linkedin.com/in/marler?miniProfileUrn=urn%3Ali%3Afs_miniProfile%3AACoAAAEdkfQBpEyXQ512qoJEh9zj3m8V9txf31o","Faster/cheaper VOE/I with AI"
"Marie","van der Klink","https://www.linkedin.com/in/marie-van-der-klink?miniProfileUrn=urn%3Ali%3Afs_miniProfile%3AACoAADPDZR0BEFcd04yGoBBv56bWhe1BeiYgNGk","et al. (YC S24)"
"Julia","Turc","https://www.linkedin.com/in/iulia-raluca-turc?miniProfileUrn=urn%3Ali%3Afs_miniProfile%3AACoAAAp_snUBhyKz2f6KIWdhtv1V-tUzBBkC_Lg","Storia (YC S24)"
"Leon","Hergert","https://www.linkedin.com/in/leonhergert?miniProfileUrn=urn%3Ali%3Afs_miniProfile%3AACoAACQU95sBouWrLIqUh0QAEq3CerpZL-IooYQ","Spherecast (YC S24)"
"Rabii","Malik","https://www.linkedin.com/in/rabii-malik?miniProfileUrn=urn%3Ali%3Afs_miniProfile%3AACoAAB6IuBIBf--xXR0lSnUGlRQEx6D6ieqyruI","Remo (YC S24)"
"Nina","Hu","https://www.linkedin.com/in/ninahuuu?miniProfileUrn=urn%3Ali%3Afs_miniProfile%3AACoAABBGReYB_LRsextQ3kzT7HwiiDNNXm8G_AA","DreamRP (YC S24)"
"Manish","C.","https://www.linkedin.com/in/manishchauhan01?miniProfileUrn=urn%3Ali%3Afs_miniProfile%3AACoAAANf4OQBv3MO9kYXIDOtNePq0HxaK2OVwGM","SureBright(YC S24)"
"Deshraj","Yadav","https://www.linkedin.com/in/deshrajdry?miniProfileUrn=urn%3Ali%3Afs_miniProfile%3AACoAAA_ge6MBz_PVUCMJNE7gJzKeqd-vTX9C4_Y","Ex - Tesla AI, Snap"